Statistics,Mathematics,Artificial Intelligence,Programming,Cloud Computing,Digital Transformation Manager
statistical models,linear algebra,linear regression,python,aws,SQL
statistical modeling,linear transformation,logistic regression,pandas,ec2,Data summary
data summary,scalar multiplication,K means,numpy,amazon redshift,python
normal distibution,transpose,random forest,scikit-learn,s3,git
covariance,matrices,xgboost,matplotlib,docker,sql
correlation,matrix decomposition,svm,scipy,kubernetes,numpy
bayesian inference,vector space,naive bayes,java,scala,pandas
hypothesis testing,infinite series,pca,c++,teradata,communication
sampling,mean value,decision trees,c,aws lambda,word
measurement,differential equations,svd,c#,aws emr,excel
p-values,gradient descent,ensemble models,visual basic,sql,
t-test,probability,r language,go language,network management,
confidence intervals,probability calculus,neural networks,swift,xml,
factor analysis,conditional probability,face detection,php,soap,
forecasting,sets,object detection,matlab,wsdl,
discrimination analysis,combinatorics,gpu,ruby,,
regularization,queues,cuda,rust,,
excel,stacks,tensorflow,scala,,
inferential models,graphs,natural language processing,,,
,arrays,nlp,,,
,problem solving,topic modeling,,,
,analytical thinking,pos tagging,,,
,,word embedding,,,
,,spacy,,,
,,set of words,,,
,,sentiment analysis,,,
,,chatbot,,,
,,jupyter notebook,,,
